{
  "model_version": "spam_shield_20260422_232423",
  "trained_at": "2026-04-22T23:24:23",
  "best_params": {
    "clf__C": 4
  },
  "accuracy": 0.9874,
  "precision": 0.947,
  "recall": 0.9597,
  "f1_score": 0.9533,
  "roc_auc": 0.9945,
  "dataset_rows": 5572,
  "train_rows": 4457,
  "test_rows": 1115,
  "confusion_matrix": [
    [
      958,
      8
    ],
    [
      6,
      143
    ]
  ],
  "roc_curve": {
    "fpr": [
      0.0,
      0.0,
      0.0,
      0.0,
      0.0,
      0.0,
      0.0,
      0.0,
      0.0,
      0.001035,
      0.001035,
      0.00207,
      0.00207,
      0.00207,
      0.00207,
      0.00207,
      0.00207,
      0.003106,
      0.003106,
      0.004141,
      0.004141,
      0.005176,
      0.005176,
      0.006211,
      0.006211,
      0.017598,
      0.017598,
      0.040373,
      0.040373,
      0.049689,
      0.05176,
      0.095238,
      0.095238,
      0.13147,
      0.13147,
      0.134576,
      0.136646,
      0.161491,
      0.163561,
      0.193582,
      0.193582,
      0.213251,
      0.213251,
      0.23913,
      0.241201,
      0.258799,
      0.26087,
      0.34472,
      0.346791,
      0.360248,
      0.362319,
      0.495859,
      0.49793,
      0.52381,
      0.52795,
      0.535197,
      0.537267,
      0.556936,
      0.559006,
      0.590062,
      0.592133,
      0.623188,
      0.625259,
      0.6294,
      0.63147,
      0.796066,
      0.798137,
      0.824017,
      0.826087,
      0.875776,
      0.883023,
      0.962733,
      0.965839,
      1.0
    ],
    "tpr": [
      0.0,
      0.006711,
      0.04698,
      0.060403,
      0.395973,
      0.409396,
      0.449664,
      0.469799,
      0.577181,
      0.577181,
      0.684564,
      0.684564,
      0.718121,
      0.744966,
      0.785235,
      0.798658,
      0.865772,
      0.865772,
      0.912752,
      0.912752,
      0.932886,
      0.932886,
      0.95302,
      0.95302,
      0.959732,
      0.959732,
      0.966443,
      0.966443,
      0.973154,
      0.973154,
      0.973154,
      0.973154,
      0.979866,
      0.979866,
      0.986577,
      0.986577,
      0.986577,
      0.986577,
      0.986577,
      0.986577,
      0.993289,
      0.993289,
      1.0,
      1.0,
      1.0,
      1.0,
      1.0,
      1.0,
      1.0,
      1.0,
      1.0,
      1.0,
      1.0,
      1.0,
      1.0,
      1.0,
      1.0,
      1.0,
      1.0,
      1.0,
      1.0,
      1.0,
      1.0,
      1.0,
      1.0,
      1.0,
      1.0,
      1.0,
      1.0,
      1.0,
      1.0,
      1.0,
      1.0,
      1.0
    ]
  },
  "top_keywords": {
    "spam": [
      {
        "token": "longnumber",
        "weight": 5.673
      },
      {
        "token": "urltoken",
        "weight": 2.8343
      },
      {
        "token": "number number",
        "weight": 2.6365
      },
      {
        "token": "number",
        "weight": 2.5447
      },
      {
        "token": "txt",
        "weight": 2.4039
      },
      {
        "token": "uk",
        "weight": 2.2271
      },
      {
        "token": "sms",
        "weight": 2.2034
      },
      {
        "token": "to longnumber",
        "weight": 2.1836
      },
      {
        "token": "your",
        "weight": 2.1437
      },
      {
        "token": "reply",
        "weight": 2.1236
      },
      {
        "token": "free",
        "weight": 2.0877
      },
      {
        "token": "text",
        "weight": 2.0417
      },
      {
        "token": "to",
        "weight": 1.9578
      },
      {
        "token": "call longnumber",
        "weight": 1.8404
      },
      {
        "token": "for",
        "weight": 1.7394
      }
    ],
    "ham": [
      {
        "token": "me",
        "weight": -1.7053
      },
      {
        "token": "my",
        "weight": -1.652
      },
      {
        "token": "lt",
        "weight": -1.3531
      },
      {
        "token": "gt",
        "weight": -1.3321
      },
      {
        "token": "lt gt",
        "weight": -1.2147
      },
      {
        "token": "at",
        "weight": -1.1751
      },
      {
        "token": "at number",
        "weight": -1.115
      },
      {
        "token": "ok",
        "weight": -1.0582
      },
      {
        "token": "got",
        "weight": -0.9622
      },
      {
        "token": "but",
        "weight": -0.9199
      },
      {
        "token": "that",
        "weight": -0.9085
      },
      {
        "token": "ll",
        "weight": -0.8935
      },
      {
        "token": "up",
        "weight": -0.8406
      },
      {
        "token": "da",
        "weight": -0.8352
      },
      {
        "token": "its",
        "weight": -0.8062
      }
    ]
  }
}